0,10 Cane
1,1519 Tequila
2,241 Pizza
3,2xist
4,3D-GOLD
5,3nod
6,42 Below
7,4Kids
8,4Skins
9,65amps
10,66 North
11,7-PE
12,7-Up
13,76
14,7Days Inn
15,85C Bakery Cafe
16,999
17,A T CROSS
18,A. Favre & Fils
19,A. Marinelli
20,A. Turrent
21,A.P.C
22,ACE Team
23,ACN
24,ACQUA DI PARMA
25,ADCO
26,ADOX
27,AFuBeiBei
28,AIMER
29,AIST
30,AKG
31,AKOO
32,AKPET
33,ALFAPARF
34,AMAT
35,AMT Coffee
36,AN JI WHITE TEA
37,ANCAP-1
38,ANCAP-2
39,AND1
40,ANLI
41,ANNICK GOUTAL
42,ANTA
43,AOKANG
44,AP Industries
45,APCO
46,APEROL
47,ARCHIPELAGO
48,ART Furniture
49,ASPINAL OF LONDON
50,ASUS
51,AUPRES
52,Abacus 5
53,Abercrombie
54,Abercrombie & Fitch
55,Absolut
56,Absolwent
57,Acne Studios
58,Acqua Limone
59,Acratech
60,Act II
61,ActiPlus
62,Addicted
63,Adidas SB
64,Admiral
65,Admiral Oversea Corporation
66,Adnams
67,Adobe Systems
68,Adrian's
69,Adriatica
70,Aerosoles
71,Aethra
72,Afriquia
73,After Dinner
74,Agacio
75,Agnes b
76,Ahnu
77,AiTeFu
78,Aigle
79,Air Choice One Airlines
80,AirNow
81,Airness
82,Akris
83,AktaVite
84,Alain Figaret
85,Alba Botanica
86,Alcatel-1
87,Alcatel-2
88,Alchemist
89,Alete
90,Alfani
91,Alfred Dunhill
92,Allagash
93,Allen Edmonds
94,Allrounder
95,Alpha Male
96,Alpina Watches
97,Alterna Haircare
98,Altra
99,Altus
100,American Apparel
101,American Crew
102,American Eagle
103,American Leather
104,American Standard
105,Ameriflight
106,Amerijet International
107,Ameristar Air Cargo
108,Amkette
109,Ammonite
110,Amoco
111,Amoi
112,Amora
113,Ampeg
114,Ampol
115,Amstrad
116,Amy's Ice Creams
117,Andrea Electronics
118,Andrelon
119,Andrew Christian
120,Andrew Marc
121,Angela Mia
122,Angelina
123,Angelo Brocato's
124,Angenieux
125,Angie's Kettle
126,Anglo Bubbly
127,Angry Orchard
128,Anna Sui
129,Anne Klein
130,Ansco
131,Anthony's Pizza
132,Antony Morato
133,Aoki's Pizza
134,Aopen
135,Apex
136,Apiretal
137,Apple
138,Apple Cinnamon Chex
139,Apple Jacks
140,Apple Jacks Gliders
141,Apple Zings
142,Applebee's
143,Appletiser
144,Appleton Estate
145,Aprilia
146,Aqua Carpatica
147,Aqua Flow
148,Aqua Guard
149,Aquascutum
150,Aral AG
151,Aravon
152,Arc'teryx
153,Arcaffe
154,Arcam
155,Arcopedico
156,Arecont Vision
157,Arehucas
158,Arette
159,Argos Energies
160,Argus Cider
161,Ariat
162,Aristoc
163,Aritzia
164,Armani
165,Armani Exchange
166,Armani Junior
167,Armco
168,Aroma Cafe
169,Aroma Espresso Bar
170,Aroma de San Andres
171,Arri
172,Arrowroot biscuits
173,Arthur Treacher's Fish & Chips
174,Artillery
175,Arturo Fuente
176,Ashland Inc
177,Ashridge Cider
178,Atala
179,Athletic DNA
180,Atlanta Bread Company
181,Atletica
182,Atticus
183,Attock Petroleum
184,Au Bon Pain
185,Aubrey Organics
186,Audemars Piguet
187,Audiosonic
188,Audiovox
189,Audison
190,Augusta
191,Auntie Anne's-1
192,Auntie Anne's-2
193,Aurelio's Pizza
194,Auri
195,Aussie
196,Autovox
197,Avalon Organic Botanicals
198,Aveda
199,Aveeno
200,Aviance Cosmetics
201,Avid
202,Avlon
203,Ayilian
204,Azura
205,B-Daman
206,BALENO
207,BARSOL
208,BBK
209,BCP
210,BEATS BY DRE
211,BEELY
212,BELKIN-1
213,BELKIN-2
214,BELOMO
215,BEST EXPRESS-1
216,BEST EXPRESS-2
217,BEST EXPRESS-3
218,BJ's Restaurant
219,BMC
220,BMW
221,BODUM
222,BOH Plantations
223,BOSCH
224,BOSE
225,BOSS
226,BP
227,BT Conferencing
228,BUCO
229,BUGATTI
230,BW Filterfabrik
231,BWOC
232,BaDuYoua
233,BaMa
234,Bacardi
235,Baci Lingerie
236,Back Yard Burgers
237,Bacon soda
238,Badgley Mischka
239,Baggallini
240,Baihe
241,Baja Fresh
242,Baker's
243,Baker's Dozen Donuts
244,Bakers Square
245,Balenciaga
246,Ballast Point
247,Bally Shoe
248,Balmain
249,Bapco
250,Barbie
251,Barcode Berlin
252,Bare Necessities
253,Barex-1
254,Barex-2
255,Barkerville
256,Barneys New York
257,Baron von Redberry
258,Batchelors
259,Baume et Mercier-1
260,Baume et Mercier-2
261,Bawls
262,Bazooka
263,Beach Bunny
264,Beacon Drive In
265,Bear Naked
266,Bear Republic
267,Bearno's
268,Beaulieu
269,BeautiFeel
270,Becel
271,Beeline
272,Beers of Stone
273,Behringer
274,BeiJiRong
275,Beko
276,Belk
277,Bella Vita
278,Bellywashers
279,Belvita
280,Ben Davis
281,Ben Franklin Stores
282,BenQ
283,Benedetti's Pizza
284,Beneful
285,Benelli
286,Benihana
287,Bennigan's
288,Bentley
289,Beretta
290,Bergdorf Goodman
291,Berghaus
292,Bergner's
293,Berry Berry Kix
294,Berry Bones Scooby-Doo
295,Berry Burst Cheerios
296,Berry Krispies
297,Berry Lucky Charms
298,Berthillon
299,Bertie Beetle
300,Bertone
301,Best Foods
302,Bestseller
303,Betsey Johnson
304,Better Botanicals
305,Better Cheddars
306,Betty Crocker
307,Bewley's
308,Bharat Petroleum
309,Bi-Mart
310,BiFi
311,Bicerin
312,Big Boy
313,Big League
314,Big Lots
315,Big Mama Sausage
316,Big Red
317,Big Turk
318,BigBabol
319,Bigg Mixx
320,Biggby Coffee
321,Bikinis Sports Bar & Grill
322,Bilisten
323,Bill Blass
324,Billy Jealousy
325,Binatone
326,Biolage
327,Biosilk
328,Biotex
329,Biotherm
330,Bird's Custard
331,Birkenstock
332,Birki's
333,Bisquick
334,Bjorn Borg
335,Black Angus Steakhouse
336,Black Box Distribution
337,Black Jack
338,Black Label Skateboards
339,Black Rapid
340,Black-eyed Pea
341,BlackBerry
342,Blackjack Pizza
343,Blancpain
344,Blaser
345,Blaupunkt
346,Blavod
347,Blenz Coffee-1
348,Blenz Coffee-2
349,Blimpie
350,Blondo
351,Bloomingdale's
352,Blue Avocado
353,Blue Bottle Coffee Company
354,Blue Hills
355,Blue Point
356,Blue Riband
357,Blue State Coffee
358,Blue Stratos
359,Blueberry Morning
360,Blundstone
361,Bob Evans Restaurants
362,Boboli
363,Boca Burger
364,Boconi
365,Bojangles' Famous Chicken 'n Biscuits
366,Bold Rock Hard Cider
367,Bols
368,Bomber
369,Bon Pari
370,Bona
371,Bonds
372,Bonefish Grill
373,Bonia
374,Boo Berry
375,Bootights
376,Boscov's
377,Bosideng
378,Bossner
379,Boston Market
380,Boston Pizza
381,Boston Store
382,Bostonian
383,Botany
384,Bottega Veneta
385,Boulevard
386,Bournvita
387,Bovet
388,Bovril
389,Boxfresh
390,Braddington Young
391,Bradford Exchange
392,Bran Flakes
393,Braum's
394,Bravo
395,"Bravo!, Cucina Italiana"
396,Breakfast with Barbie
397,Breakstone's
398,Breath Savers
399,Breguet
400,Breitling
401,Breyers
402,BridgePort
403,Bridgehead Coffee
404,Bridgestone
405,Brigham's Ice Cream
406,Brilliance
407,Brionvega
408,British Knights
409,Bron Elektronik
410,Bronica
411,Brooks Saddle
412,Brothers Cider
413,Bruegger's
414,Brugal
415,Brummel & Brown
416,Bruno Banani
417,Bruster's Ice Cream
418,Brylcreem
419,Bubba Gump Shrimp Company
420,Bubbaloo
421,Bubblicious
422,Buc Wheats
423,Buca di Beppo
424,Bucanero
425,Buddy's Pizza
426,Budget Gourmet
427,Bulgari
428,Bulls-Eye Barbecue
429,Bullwinkle's Restaurant
430,Bully Boy Distillers
431,Bulova
432,Bundaberg
433,Bunker
434,Buondi
435,Burger Street
436,Burgerville
437,Burlington Coat Factory
438,Burrow Hill Cider
439,Burt's Bees
440,Bush Radio
441,Bushells
442,Bushmaster
443,Buxton
444,Buzz Blasts
445,C-IN2
446,CARL ZEISS
447,CBCI Telecom
448,CBS
449,CDELALA
450,CHIVAS
451,CHIVAS REGAL
452,CHOW TAI SENG-1
453,CHOW TAI SENG-2
454,CHRISTOFLE
455,CHS
456,CMC
457,CMD
458,Cabaiguan
459,Cabbage Patch Kids
460,Cabo Wabo
461,Cachantun
462,Cacharel
463,Cadwalader's Ice Cream
464,Cafe A Brasileira
465,Cafe Coffee Day
466,Cafe HAG
467,Cafe Hillel
468,Cafe Rio
469,Cafe du Monde
470,Caffe Bene
471,Caffe Cova
472,Caffe Luxxe
473,Caffe Nero
474,Caffe Pascucci
475,Caffe Ritazza
476,Caffe Trieste
477,Caffe Umbria
478,CaiBai
479,Cailler
480,California Free Former
481,California Pizza Kitchen
482,California Tortilla
483,Calistoga
484,Caloi
485,Calpol
486,Caltex
487,Calumet
488,Calvin Klein
489,Calvin Klein Underwear
490,Camay
491,Cameron's
492,Camille's Sidewalk Cafe
493,Campbells
494,Campmor
495,Canada Dry
496,Canada Goose
497,Candle
498,Candy Land
499,Candyman
500,Cannondale
501,Canon
502,Canson
503,Canterbury
504,Cap'n Crunch
505,Cap'n Crunch Crunch Berries
506,Caparo
507,Cape Cod Potato Chips
508,Capezio
509,Capri Sun
510,Captain D's
511,Captain Morgan
512,Captain Planet
513,Caramac
514,Carbolite
515,Carbontech
516,Carbrini
517,Care Bears
518,Caress
519,Cargill
520,Carhartt
521,Caribou Coffee
522,Carino's Italian Grill
523,Carl's Ice Cream
524,Carl's Jr
525,Carling
526,Carling Black Label
527,Carling Cider
528,Carlo Ferrara
529,Carlos Torano
530,Carlos V
531,Carlsbro
532,Carnation
533,Carola
534,Carolina Herrera
535,Carolina-1
536,Carolina-2
537,Carpathia
538,Carrabba's Italian Grill
539,Carrefour
540,Carrows
541,Carslan
542,Carte Noire
543,Cartenz
544,Carter's Ink
545,Carupano
546,Carvel Ice Cream
547,Casa Dragones
548,Casa Magna
549,Casa Noble
550,Cascadian Farm
551,Casio
552,Caslon
553,Cassano's Pizza King
554,Caswell Massey
555,Cat Chow
556,Cathay
557,Cavalier
558,Ceceba
559,Celestial Seasonings
560,Celine
561,Celkon
562,Cenex
563,Cerelac
564,Cerruti 1881
565,Certs
566,Cerwin-Vega
567,Cesare Paciotti
568,Cesars
569,Cha Dao
570,Chaco
571,Champion
572,Charmin
573,Che
574,Cheader's
575,Cheerios
576,Cheese Nips
577,Cheez Whiz
578,Chef Boyardee
579,Cherry 7Up
580,Chery
581,Chevrolet
582,Chevron
583,Chex
584,Chicago
585,Chick-fil-A
586,Chiclets
587,Chipotle Mexican Grill-1
588,Chipotle Mexican Grill-2
589,Chippewa
590,Chips Ahoy!
591,Chipsmore
592,Chiquita
593,Chloe
594,Choc-Ola
595,Chocapic
596,Chocolate Cheerios
597,Chocolate Chex
598,Chocolate D'Onofrio
599,Chocolate Flakes
600,Chocolate Lucky Charms
601,Chocolate Surpresa
602,Chocolate Toast Crunch
603,Chocolate liqueur
604,Chocomel
605,Chocos
606,Choice Hotels
607,Chooka
608,Chopard
609,Christian Lacroix
610,Christian Louboutin
611,Chromcraft
612,Chrome Hearts
613,Chronic Tacos-1
614,Chronic Tacos-2
615,Chronoswiss-1
616,Chronoswiss-2
617,Chuck-A-Rama
618,Church's
619,Churchkey Can
620,CiCi's Pizza
621,Ciao Bella Gelato Company
622,Cibo Espresso
623,Ciego Montero
624,Cif
625,Cigar City
626,Cili
627,Cimc-1
628,Cimc-2
629,Cinemax
630,Cini Minis
631,Cinna-Crunch Pebbles
632,Cinnabon
633,Cinnamon Burst Cheerios
634,Cinnamon Chex
635,Cinnamon Grahams
636,Cinnamon Jacks
637,Cinnamon Mini-Buns
638,Cinnamon Toast Crunch
639,Cinnamon Toasters
640,Cinnzeo
641,Circa
642,Ciroc
643,Cirrus
644,Citgo
645,Citizen
646,Citra
647,Citroen
648,Ck Calvin Klein-1
649,Ck Calvin Klein-2
650,Clarion
651,Clark
652,Clarks
653,Classmate
654,Clatronic
655,Claussen
656,Clear
657,Clear Clean
658,Club Social
659,CoCo Wheats
660,Coca-Cola Zero
661,Coccolino
662,Cocio
663,Cocksox
664,Coco Pops
665,Coco Roos
666,Coco's Bakery
667,Cocoa Krispies
668,Cocoa Pebbles
669,Cocoa Puffs
670,Cocoa Puffs Combos
671,Cocosette
672,Coffee Beanery
673,Coffee Crisp
674,Coffee Republic
675,Coffee Time
676,Coffee-Mate
677,Cola Cao
678,Cold Stone Creamery
679,Coldwater Creek
680,Colectivo Coffee Roasters
681,Colgate
682,Colman's
683,Colnago
684,Colonial
685,Colossal Crunch
686,Colt
687,Columbia
688,Comfort
689,Compact
690,ConAgra Foods
691,Condor
692,Conimex
693,Connaught
694,Connector
695,Conoco
696,Consort
697,Contax
698,Contec
699,Continental
700,Converse
701,Cool Whip
702,Coors
703,Copec
704,Copeland's
705,Corn Flakes
706,Corn Pops
707,Corona
708,Cosan
709,Costa Coffee
710,Costco Wholesale
711,Cote d'Or
712,Count Chocula
713,Country Crock
714,CoverGirl
715,Covert
716,Cows
717,Cracker Jack
718,Crayola
719,Cream of Wheat
720,Creemore
721,Cresta
722,Cretacolor
723,Crispin Cider
724,Crumpler
725,Crunch
726,Crunchy Corn Bran
727,Crunchy Nut
728,Crush
729,Cruz Tequila
730,Currys
731,Curtis
732,Cybertron
733,Dacia
734,Daewoo
735,Daewoo Electronics
736,Dynatron
737,E-CLOTH
738,EKCO
739,EMS
740,EPSON
741,ERAL
742,ERKE-1
743,ERKE-2
744,Earthies
745,East of Chicago Pizza
746,Easy Spirit
747,Eat'n Park
748,EatZi's
749,Ebony cameras
750,Ecco
751,Ecko Unltd
752,Eco de los Andes
753,Ecopetrol
754,Ed Hardy
755,Eddie Bauer
756,Edeka
757,Eden Cheese
758,Edison
759,Eegee's
760,Efferalgan
761,Egg Beaters
762,Eggo
763,Egnater
764,Eileen Fisher
765,El Chico
766,El Dorado
767,El Jimador
768,El Paso
769,El Taco Tote
770,Elder-Beerman
771,Electrohome
772,Element
773,Elf
774,Elfin
775,Ella Moss
776,Ellesse
777,Elsa
778,Elta
779,Embraer
780,Emerica
781,Emilio
782,Emilio Pucci
783,Empyrean
784,Era
785,Era Alaska
786,Ergowear
787,Ericsson
788,Erikli
789,Eristoff
790,Ermanno Scervino
791,Ermenegildo Zegna
792,Errea
793,Escada
794,Eskimo
795,EskinoL
796,Espolon
797,Espresso Vivace
798,Esselte
799,Esso
800,Estee Lauder
801,Estrella
802,Etnies
803,Etro
804,Eukanuba
805,Everex
806,Everlast
807,Excel
808,Excelsior
809,Executive Airlines
810,Exofficio
811,ExxonMobil
812,FSL
813,FSS
814,FUBU
815,FUCT
816,Fabricut
817,Faconnable
818,Fair and Lovely
819,Faith Hill Parfums
820,FangZheng
821,Four Seas Ice Cream
822,Four Star Pizza
823,Fox's Biscuits
824,Fox's Pizza Den
825,Franconia
826,Frank Dandy
827,Frank Pepe Pizzeria Napoletana
828,Frankie Morello
829,Freddy's Frozen Custard & Steakburgers
830,Freegun
831,Freia
832,Freihofers
833,French Connection
834,French Sole
835,French Toast Crunch
836,Freya
837,Friendly's
838,Frische Brise
839,Frizz-Ease
840,Frommer's
841,Frosted Cheerios
842,Frosted Mini Spooners
843,Frosted Shredded Wheat
844,Frosty Jack Cider
845,Frosty O's
846,FruChocs
847,Fruco
848,Fruit Brute
849,Fruit Selection
850,Fruit Selection Yogurt
851,Fruit2O
852,Fruity Cheerios
853,Frye
854,Fudgee-O
855,Fudgsicle
856,Fuji Electric
857,Fujinon
858,Fujitsu Siemens
859,Funai
860,Fundacion Ancestral
861,Furst Bismarck
862,Futurelife SmartFood
863,GF
864,GMC
865,GPM
866,GUINNESS
867,GUZZINI
868,Gabor
869,Gabriel Pizza
870,Gain
871,Galaxy Counters
872,Gale's
873,Galp
874,Galvin Green
875,GameWorks
876,Gap
877,Garcia Y Vega
878,Gardetto's
879,Gateway
880,Gatti's Pizza
881,Gel
882,General Electric
883,General Mills
884,Genesis
885,Geographics
886,Georg Jensen
887,Georgia Boot
888,Gerber
889,Gevalia
890,Ghostbusters
891,Gianfranco Ferre
892,Gibson
893,Gigabyte
894,Gillette
895,Gimme! Coffee
896,Ginger Ale
897,Gino's Pizza and Spaghetti
898,Ginsters
899,Giolitti
900,Giordano's Pizzeria
901,Giorgio
902,Gispert
903,Gitzo
904,Givova
905,Glee Gum
906,Glider Cider
907,Glock-1
908,Glock-2
909,Gloria Jean's Coffees
910,Gobstoppers
911,Gold Rush
912,Golden Grahams
913,Golite
914,Good Humor
915,Gorenje
916,Goya
917,Graeter's
918,Grapette
919,Greenergy
920,Gritty McDuff's
921,Ground Round
922,Growers Direct
923,Grundies
924,GuanShengYuan
925,Guantanamera
926,Guess
927,GuiFaXiangShiBaJie
928,Guigoz
929,Gul
930,Gulf Oil
931,Gurkha-1
932,Gurkha-2
933,Guy Cotten
934,Guy Laroche
935,H. J. Heinz
936,H. P. Bulmer-1
937,H. P. Bulmer-2
938,H. Upmann
939,HARMAN KARDON
940,HBC
941,HEC
942,HMV
943,HOM
944,HP Sauce
945,HTC
946,HY Markets
947,Haceb
948,Haglofs
949,Hale's Ales
950,Half Acre
951,Half Pints
952,Hama
953,Hamburger Helper
954,Hammary
955,Hancock-1
956,Hancock-2
957,Handel's Homemade Ice Cream & Yogurt
958,Handi-Snacks
959,Hanes
960,Hanimex
961,Hannspree
962,Hanro
963,Hanseatic
964,Happy Socks
965,Hard Rock Cafe
966,Hardee's
967,Harley-Davidson
968,Harpoon
969,Harry Winston-1
970,Harry Winston-2
971,Harvest Crunch
972,Harvest Moon
973,Hascol Petroleum
974,Hasselblad
975,Hav-A-Tampa
976,Havana Club
977,Havells
978,Head
979,Heartland
980,Heat-1
981,Heat-2
982,Heavy Eco
983,Hebrew National
984,Heckler & Koch
985,Hedex
986,Heineken
987,Heinkel
988,Heinz Baked Beans
989,Heinz Tomato Ketchup
990,Hell Pizza
991,Hellmann's
992,Helsport
993,HengYuXiang
994,Henniez
995,Henri Lloyd
996,Henri Wintermans
997,Herbal Essences
998,Herberger's
999,Herborist
1000,Hermes
1001,Herrell's Ice Cream
1002,Herschel Supply
1003,Hershey's Cookies 'n' Creme
1004,Hexacta
1005,Hickory White
1006,High Endurance
1007,High School Musical
1008,Highland Spring
1009,Highland Toffee
1010,Highlands Coffee
1011,Hilleberg
1012,Hilton Worldwide-1
1013,Hilton Worldwide-2
1014,Hilton Worldwide-3
1015,Hisense
1016,Hitachi
1017,Hiwatt
1018,HobNobs
1019,Hoffmann
1020,Hoka One One
1021,Holga
1022,Holgate
1023,Hollys Coffee
1024,Home Inn
1025,Homer's Cinnamon Donut
1026,Homey
1027,Homme by David
1028,Honey Bunches of Oats
1029,Honey Graham
1030,Honey Kix
1031,Honey Maid
1032,Honey Nut Cheerios
1033,Honey Nut Clusters
1034,Honey Nut Corn Flakes
1035,Honey Nut Shredded Wheat
1036,Honey Nut Toasty O's
1037,Honey Smacks
1038,Honey Stars
1039,Honeywell
1040,HongYan
1041,Hooters
1042,Hoover
1043,Horlicks
1044,Horniman's
1045,Hornitos
1046,Hot Pockets
1047,Hot Wheels
1048,Hot chocolate
1049,Houlihan's
1050,Hovis
1051,Howard Johnson's
1052,Howard Miller
1053,Hoya
1054,Hua Yi Elec Apparatus Group
1055,HuaLian
1056,HuaNeng
1057,Hubba Bubba
1058,Hublot
1059,Huddle House
1060,Hudsons Coffee-1
1061,Hudsons Coffee-2
1062,Hugo Boss
1063,HuiShan
1064,Huiyuan
1065,Hula Hoops
1066,Hulk
1067,Humber-1
1068,Humber-2
1069,Hummel-1
1070,Hummel-2
1071,Hungry Howie's Pizza
1072,Hungry Hungry Hippos
1073,Hunor
1074,Hunt Brothers Pizza
1075,Hunt's
1076,Hunt's Snack Pack
1077,Huntsville International Airport
1078,Hurley International
1079,Hurley-1
1080,Hurley-2
1081,Hurtu
1082,Hush Puppies
1083,Husqvarna-1
1084,Husqvarna-2
1085,Hypson
1086,Hyundai-1
1087,Hyundai-2
1088,I Can't Believe It's Not Butter
1089,IBM
1090,IFR
1091,IHG
1092,IHOP
1093,IITTALA
1094,INOHERB-1
1095,INOHERB-2
1096,IQinVision
1097,ITS-1
1098,ITS-2
1099,IVORY
1100,Iams
1101,Ibis
1102,Ice Breakers
1103,Ice Harbor
1104,Ice Mountain
1105,Ideal
1106,Ideal Bikes
1107,Ifb
1108,Iiyama
1109,Ijml
1110,Ikegami
1111,Ilford
1112,Ilford Photo
1113,Illinois
1114,Imo's Pizza
1115,Imperial
1116,Imperial Margarine
1117,In-N-Out Burger
1118,Independent Truck
1119,Indiana
1120,Indomie Mi goreng
1121,Infacare
1122,Infiniti
1123,Infusium 23
1124,Ingelen
1125,Ingman Ice Cream
1126,Injinji
1127,Inno Hit
1128,Insomnia Coffee Company
1129,Intelligentsia Coffee & Tea
1130,InterCall
1131,Intermarche
1132,Intex
1133,Intymen
1134,Inventec
1135,Invicta
1136,Ipana
1137,Ipso
1138,Irn Bru Bar
1139,Isabel Maran-1
1140,Isabel Maran-2
1141,Isla-1
1142,Isla-2
1143,Island Fantasy
1144,Isosource
1145,Isuzu-1
1146,Isuzu-2
1147,It's a Grind Coffee House
1148,Itautec
1149,Ito En
1150,Ito-Yokado
1151,Izod
1152,J Fuego
1153,JOULES
1154,JUICY COUTURE
1155,JX Holdings
1156,Joe Fresh
1157,Joe's Crab Shack
1158,John Frieda
1159,John Galliano
1160,John Lewis
1161,John Richmond
1162,John Varvatos
1163,John's Incredible Pizza
1164,Johnny Rockets
1165,Johnson Outdoors
1166,Joico
1167,Joma-1
1168,Joma-2
1169,Jonathan Charles
1170,Josef Seibel
1171,Juan Valdez Cafe
1172,Juicy Fruit
1173,Jumbo Krispies
1174,Jus-Rol
1175,KAIER
1176,KAISHENG
1177,KANS
1178,KATE SPADE-1
1179,KATE SPADE-2
1180,KELA
1181,KITCHEN AID
1182,KTM
1183,KYOCERA
1184,KaZhuMi
1185,Kaipan
1186,Kalco
1187,Kalodont
1188,Karbonn
1189,Karhu
1190,Karl Kani-1
1191,Karl Kani-2
1192,Karl Lagerfeld
1193,Kathmandu
1194,Kathrein
1195,Kauffman
1196,Kavu
1197,Keglevich
1198,Kelty
1199,Kenneth Cole
1200,Kenzo
1201,Ketel One
1202,Kibon
1203,Kiehl's
1204,Kieninger
1205,Killer Queen
1206,King Edward the Seventh
1207,Kissan
1208,Kiton
1209,Klei
1210,Kleiner Feigling
1211,Knomo
1212,Kola Shaler
1213,Kolynos
1214,Konka
1215,KooGa
1216,Kookai
1217,Koskenkorva
1218,Kotipizza
1219,Kraft Ramek
1220,Krave
1221,Kravet
1222,Krupnik
1223,Krusty-O's
1224,Kung Fu Panda Crunchers
1225,Kuota
1226,Kuwahara
1227,Kwality Wall's
1228,L'ARTISAN PARFUMEUR
1229,L'OCCITANE
1230,L'Occitane en Provence
1231,L.K.Bennett
1232,LAVAZZA
1233,LLoyd's
1234,LOTOS-1
1235,LOTOS-2
1236,La Aroma de Cuba
1237,La Aurora
1238,La Choy
1239,La Flor Dominicana
1240,La Gloria Cubana
1241,La Laitiere
1242,La Lechera
1243,La Palina
1244,La Perla
1245,Lacta
1246,Lacto
1247,Lada
1248,Lady's Choice
1249,Laffy Taffy
1250,Lagunitas
1251,Lamb Weston
1252,Lamborghini
1253,Lancia
1254,Landwind-1
1255,Landwind-2
1256,Landwind-3
1257,Lane Furniture
1258,Lanka
1259,Lapierre
1260,Lares Ice Cream Parlor
1261,Las Cabrillas
1262,Loacker
1263,Logitech
1264,Long John Silver's
1265,LongHorn Steakhouse
1266,Longines
1267,Los Angeles
1268,Los Angeles International Airport
1269,Lotus Cars
1270,Lowepro
1271,Lucky
1272,Lucky Charms
1273,Lucozade
1274,Lunchables
1275,Lux
1276,Luxgen
1277,MAD DOG
1278,MARC BY MARC JACOBS
1279,MBT
1280,MDX
1281,Mack & Dave's Department Store
1282,Macy's
1283,Mad River
1284,Maestro Dobel
1285,Maggi
1286,Maggi Masala noodles
1287,MaggieMoo's Ice Cream and Treatery
1288,Magna-1
1289,Magna-2
1290,Magners Irish
1291,Mahindra-1
1292,Mahindra-2
1293,Maille
1294,Maizena
1295,Maker's Mark
1296,Makro
1297,Maltesers
1298,Mamiya
1299,Man O' War
1300,Manhattan Portage
1301,Maple
1302,Maple Leaf
1303,Marble Slab Creamery
1304,Margherita
1305,Marie Callender's
1306,Mario's Pizzeria
1307,Market Pantry
1308,Marmara
1309,Marmite
1310,Marriott International
1311,Mars
1312,Marsh Wheeling
1313,Marshalls
1314,Marshmallow
1315,Marussia
1316,Marvel
1317,Marvis
1318,Maserati
1319,Massmart
1320,Mattel
1321,Maverik Inc
1322,Mavic
1323,Max Factor
1324,Maxibon
1325,Maxum
1326,Maxwell House
1327,Maynards
1328,Mazda
1329,Mazzio's
1330,McCoys Crisps
1331,McDonald's
1332,Mecca Cola
1333,MediaTek
1334,Medion
1335,Poulain
1336,abus
1337,ac propulsion
1338,adika
1339,adyson
1340,aeknil
1341,airmate
1342,akurra
1343,alessi
1344,alpinestars-1
1345,alpinestars-2
1346,alvedon
1347,amish
1348,amnesia
1349,amy butler
1350,andor technology
1351,anerle
1352,anglepoise
1353,anolon
1354,anoto
1355,anschutz
1356,antonio
1357,apica
1358,apollo
1359,apothia-1
1360,apothia-2
1361,arrinera
1362,artega
1363,artline
1364,asd
1365,aspirin
1366,atamel
1367,atari 2600-1
1368,atari 2600-2
1369,atlas air
1370,attack
1371,aussieBum
1372,auxx-1
1373,auxx-2
1374,avery dennison-1
1375,avery dennison-2
1376,babool
1377,baby bullet
1378,bahama breeze
1379,bain de terre-1
1380,bain de terre-2
1381,baird
1382,ballograf
1383,band-aid
1384,barrel o' monkeys
1385,basilisk
1386,batavus
1387,batman returns
1388,battleship
1389,bauschlomb-1
1390,bauschlomb-2
1391,bealls
1392,benuron
1393,bermex
1394,bermudez
1395,bernzomatic
1396,berol
1397,bhpetrol
1398,bianchi
1399,bic cristal
1400,bigtime
1401,bike friday
1402,bilenky
1403,binaca
1404,bio ionic
1405,biogesic
1406,biostime-1
1407,biostime-2
1408,biotene
1409,bisque
1410,bluemoon
1411,boardman bikes
1412,bobble
1413,bobcat
1414,bolwell
1415,bottecchia
1416,brace yourself
1417,brine
1418,brita
1419,british eagle
1420,brm buggy
1421,brodie bicycles
1422,brompton bicycle
1423,brown jordan
1424,brownstone
1425,bukta
1426,burley design
1427,burton james
1428,buscapina
1429,by nord
1430,c-3po's
1431,calfee design
1432,california house
1433,calligraphy pen
1434,calpak
1435,caltex woolworths
1436,camlin
1437,campion cycle
1438,canadel
1439,canbo
1440,canyon bicycles
1441,cape air
1442,capote
1443,captain stag
1444,caran d'ache
1445,caravelas
1446,cartelo
1447,cenpin
1448,ceravision
1449,cervelo
1450,chahua
1451,champps americana
1452,chamyto
1453,chandelle
1454,chando
1455,chanel
1456,chang'an-1
1457,chang'an-2
1458,chang'an-3
1459,changhong
1460,chantelle
1461,chaps
1462,charatan
1463,charles owo
1464,charley's grilled subs
1465,charlie brown's steakhouse
1466,charlotte olympia
1467,charlotte russe
1468,charming charlie
1469,chateau real
1470,chatime
1471,chautauqua airlines
1472,chaya
1473,cheddar's casual cafe
1474,cheddarie
1475,cheeburger cheeburger
1476,cheese flavoured moments
1477,cheeseburger in paradise
1478,cheesecake factory
1479,cheesybite
1480,cheezels
1481,chef-mate
1482,chenkeming-1
1483,chenkeming-2
1484,chevys fresh mex
1485,chewits
1486,chewy louie
1487,chex mix
1488,chica rica
1489,chicago town
1490,chicken express
1491,chicken in a biskit
1492,chicken out rotisserie
1493,chicken tonight
1494,chicza
1495,chiffon
1496,chiffon margarine
1497,chilewich
1498,chimei
1499,china post group corporation
1500,china railway group limited
1501,chinese petroleum
1502,ching's secret
1503,chinon
1504,citic
1505,clarins
1506,clement
1507,coca cola
1508,cofco
1509,coffeeheaven
1510,coles
1511,comet balls
1512,commuter
1513,conlia
1514,continental edison
1515,contrex
1516,cookie crisp
1517,cookie crisp brownie
1518,cookie crisp sprinkles
1519,copella
1520,core 2 duo
1521,corgi
1522,corioliss
1523,corneliani
1524,cornnuts
1525,corzo
1526,cosina
1527,country garden
1528,eBags
1529,faceshop
1530,fiyta
1531,fox river mills
1532,franck muller
1533,freakies
1534,frederique constant
1535,frigor
1536,frontier developments
1537,fuyou
1538,g.i. joe
1539,galak
1540,game boy
1541,gamelab
1542,ganningpai
1543,garanimals
1544,gary fisher
1545,gendron bicycles
1546,ghd
1547,gigo
1548,ginetta
1549,girard-perregaux
1550,gitane
1551,glad wrap
1552,gladiator cycle
1553,glashutte original
1554,gleagle
1555,glorix
1556,gnome et rhone
1557,gocycle
1558,goko
1559,gome-1
1560,gome-2
1561,gome-3
1562,good grips
1563,grand sport
1564,great lakes
1565,gree-1
1566,gree-2
1567,gree-3
1568,greubel forsey
1569,grohe
1570,guerciotti
1571,gumby
1572,gumpert
1573,gunnar
1574,guolv
1575,haagen-dazs
1576,habixiong
1577,haers
1578,haier
1579,hanvon
1580,happigo
1581,haro bikes
1582,hase bikes
1583,hd
1584,he-man
1585,hekman
1586,hengshui laobaigan
1587,hershesons
1588,hertz
1589,hetchins
1590,holy cow casino
1591,hongqi
1592,hotata
1593,hualu
1594,huari appliance
1595,huarun
1596,huasheng
1597,huaweimei
1598,huayang
1599,hubba wheels
1600,huffy
1601,huida
1602,humdinger
1603,huntkey
1604,hurom
1605,hutchinson tires
1606,iBall
1607,iPhone-1
1608,iPhone-2
1609,iPod
1610,icbc-1
1611,icbc-2
1612,icbc-3
1613,icsoncom
1614,ideagro
1615,ikco
1616,imperial tea court
1617,impulse
1618,independent fabrication
1619,ingersoll
1620,intercity
1621,iron horse bicycles
1622,isTone
1623,isaura
1624,isdera
1625,islabikes
1626,itg
1627,jack in the box
1628,jacob jensen
1629,jaeger-lecoultre
1630,jagex
1631,jamis bicycles
1632,jarrow
1633,jd
1634,jetbeam
1635,jiang zhong
1636,jianjiang
1637,jimin
1638,jinbei
1639,jindan
1640,jittery joe's
1641,jixiangju
1642,jlindeberg-1
1643,jlindeberg-2
1644,joe muggs
1645,jowissa
1646,joyoung
1647,jump rope
1648,junghans
1649,jurlique
1650,k'nex
1651,ka-bar
1652,kaixinwang
1653,kangmei
1654,kangshu
1655,kasumi
1656,kensie
1657,kettler
1658,kia da
1659,kichesippi-1
1660,kichesippi-2
1661,kilner
1662,kimani
1663,kingdee
1664,kleenex
1665,knudsen
1666,kokuyo
1667,kookaburra
1668,krink
1669,kronan
1670,l.l.bean
1671,la barberie
1672,la cocinera
1673,la corona
1674,la escepicon
1675,la flor de caney
1676,la miu
1677,la porchetta
1678,la roche-posay
1679,la saltena
1680,labtec
1681,lacoste
1682,ladycare
1683,laimao
1684,lakme
1685,lambretta
1686,lan-choo
1687,lancome
1688,land rover
1689,laney
1690,lang sha
1691,lanidor
1692,lantianliubizhi
1693,lanvin
1694,lappert's
1695,larosa's pizzeria
1696,laura secord chocolates
1697,le creuset
1698,le viennois
1699,ledo pizza
1700,lee's famous recipe chicken
1701,lefeng
1702,lego mindstorms
1703,lego mindstorms nxt
1704,lekadol
1705,lender's
1706,lensbaby
1707,lesportsac
1708,levante
1709,levenger
1710,levis
1711,lexus-1
1712,lexus-2
1713,lianle
1714,lifan-1
1715,lifan-2
1716,lightlife
1717,lightolier
1718,lincoln logs
1719,lindt
1720,linum
1721,lion cereal
1722,lionel
1723,liquid assets
1724,lishen
1725,lite source
1726,lite-brite
1727,little golden books
1728,little green men
1729,littmann
1730,liu gong
1731,liwayway
1732,lizano
1733,lobethal bierhaus
1734,loblaw
1735,loewe
1736,logan's roadhouse
1737,lollicup coffee & tea
1738,lollo
1739,lolly gobble bliss
1740,longhu
1741,longmu-1
1742,longmu-2
1743,longping
1744,longrich
1745,lonkey
1746,lonsdale
1747,looptworks
1748,loreal
1749,loro piana
1750,los libertadores
1751,los statos de luxe
1752,lost coast
1753,louis vuitton-1
1754,louis vuitton-2
1755,lovera
1756,luby's
1757,luciano soprani
1758,lucky brand
1759,luhua
1760,luminox
1761,lumiquest
1762,lunazul
1763,luoxin
1764,lupicia
1765,luscious pink
1766,luvs
1767,luxottica
1768,luzhoulaojiao-1
1769,luzhoulaojiao-2
1770,luzhoulaojiao-3
1771,lyle
1772,lysoform
1773,m&g
1774,maarud
1775,macanudo
1776,macro
1777,mactarnahan's
1778,maggi noodles
1779,maggiano's little italy
1780,magic 8-ball
1781,magic hat
1782,magicamah
1783,magimix
1784,maglite
1785,magnatone
1786,maidenform
1787,majestic
1788,mak lubricants
1789,malata-1
1790,malata-2
1791,mallow oats
1792,malvern star
1793,mamonde
1794,mandarina duck
1795,manfrotto
1796,manjiamei
1797,mansmiling
1798,manwich
1799,marc o'polo
1800,marchesa
1801,marco's pizza
1802,margie's candies
1803,marimekko
1804,marin bikes
1805,marina rinaldi
1806,marklin
1807,markor furnishings
1808,marlboro
1809,marni
1810,mars muffin
1811,marshal
1812,marshmallow mateys
1813,maruishi
1814,masi bicycles
1815,maskfamily
1816,matamp
1817,mathmos
1818,matryoshka
1819,matusalem
1820,mauds ice cream
1821,maui jim
1822,mauviel
1823,max mara
1824,maxol
1825,maxxis
1826,maybach-1
1827,maybach-2
1828,maydos
1829,mayinglong
1830,mcalister's deli
1831,mccafe
1832,mcdonalds
1833,mcintosh
1834,mclaren
1835,me too
1836,mecca espresso
1837,meccano
1838,mega bloks
1839,meifubao
1840,meiling
1841,meituan
1842,meizu
1843,melatonin
1844,mellow bird's
1845,mellow mushroom
1846,melon bicycles
1847,meng jie-1
1848,meng jie-2
1849,mentadent
1850,mentadent sr
1851,mephisto
1852,merckx
1853,merida bikes
1854,merrydown
1855,mesa boogie
1856,metcash
1857,meters bonwe
1858,mexx
1859,meyba-1
1860,meyba-2
1861,michel's patisserie
1862,michelin
1863,mickey mouse
1864,micro machines
1865,mido
1866,miele
1867,mikado
1868,mikel coffee company
1869,milk-bone
1870,miller's ale house
1871,millet-1
1872,millet-2
1873,millonario
1874,milo's hamburgers
1875,minnetonka
1876,minox
1877,minsheng
1878,minties
1879,miquelrius-1
1880,miquelrius-2
1881,miracoli
1882,misc berhad
1883,misfit
1884,miss sixty
1885,missoni
1886,mitchell
1887,mitre
1888,mitsuoka-1
1889,mitsuoka-2
1890,miu miu
1891,mmmuffins
1892,mobil
1893,moe's southwest grill
1894,mohawk-1
1895,mohawk-2
1896,mokingran
1897,molson brador
1898,molson exel
1899,molton brown
1900,mona lisa-1
1901,mona lisa-2
1902,mona lisa-3
1903,monbento
1904,moncler-1
1905,moncler-2
1906,mondaine
1907,montagu
1908,montana mike's
1909,montane
1910,monte
1911,montecruz
1912,montegrappa
1913,montesierpe
1914,moonbasa
1915,moots cycles
1916,morel
1917,morphy richards
1918,moser baer
1919,mossberg
1920,mossimo
1921,mother's pride
1922,mountain hardwear
1923,mountain mike's pizza
1924,moutai
1925,movado
1926,moving comfort-1
1927,moving comfort-2
1928,mr. noodles
1929,mr. pizza
1930,mtx audio
1931,muchachomalo
1932,muddy fox
1933,mueslix
1934,mugg & bean
1935,mulata
1936,munro
1937,murco-1
1938,murco-2
1939,murphyusa
1940,musco
1941,music man-1
1942,music man-2
1943,mutong
1944,muzak-1
1945,muzak-2
1946,mylch
1947,nabob
1948,nairobi java house
1949,nakamichi-1
1950,nakamichi-2
1951,nallin
1952,nandos
1953,nanjiren
1954,naot
1955,napapijri
1956,nasty pig-1
1957,nasty pig-2
1958,nataraj
1959,national coney island
1960,naturalizer-1
1961,naturalizer-2
1962,navneet
1963,nemiroff
1964,nerf
1965,nestle
1966,nestle corn flakes
1967,nestle milk chocolate
1968,nestle wonder ball
1969,nesvita
1970,networker
1971,neutrogena
1972,new balance-1
1973,new balance-2
1974,new era
1975,new holland-1
1976,new holland-2
1977,new holland-3
1978,new zealand natural-1
1979,new zealand natural-2
1980,new zealand natural-3
1981,newegg.com
1982,newport creamery-1
1983,newport creamery-2
1984,nexxus
1985,nicole lee-1
1986,nicole lee-2
1987,nimslo
1988,nina ricci
1989,nioxin
1990,nivea
1991,nixon watches-1
1992,nixon watches-2
1993,no fear
1994,noble roman's
1995,nondo
1996,nong shim ltd
1997,nongfu spring-1
1998,nongfu spring-2
1999,nongfu spring-3
2000,norrona
2001,norton-1
2002,norton-2
2003,norton-3
2004,nos (nitrous oxide systems)
2005,noxzema
2006,nut 'n honey
2007,nutren
2008,nutribullet
2009,oatmeal crisp
2010,oberweis dairy-1
2011,oberweis dairy-2
2012,obey
2013,oggi
2014,oh henry
2015,old country buffet
2016,old el paso
2017,old navy
2018,old style pilsner
2019,old vienna
2020,ollie's bargain outlet
2021,ommegang
2022,on the border mexican grill & cantina
2023,onepiece
2024,onida
2025,ono
2026,oovoo
2027,opel
2028,opinel
2029,orient
2030,oriocx
2031,oris
2032,orkan bensin
2033,oroton
2034,orvis
2035,oryany
2036,osgoode marley
2037,osm
2038,oso
2039,osprey
2040,otto versand
2041,otz shoes
2042,ouija board
2043,ow lee
2044,oxxford
2045,pacific coffee company
2046,pacific pride
2047,pacon
2048,pacsafe
2049,paddy pallin
2050,pajar
2051,pakistan oilfields
2052,pakistan state
2053,pakistan state oil
2054,palecek
2055,paltalk
2056,panaracer
2057,panarotti's
2058,panerai
2059,panoz
2060,pantene
2061,papa gino's
2062,papa guiseppi
2063,papa murphy's take 'n' bake pizza
2064,paralen
2065,paris hilton
2066,parkay
2067,patagonia
2068,patek philippe
2069,paul garmirian
2070,paul green
2071,paul mitchell
2072,pausa
2073,peace bird
2074,peak performance
2075,peavey
2076,peebles
2077,peet dryer
2078,pei wei asian diner
2079,pejo
2080,penalty
2081,penfield
2082,penguin mints
2083,penhaligon's
2084,penn station (restaurant)
2085,penpont
2086,pentacon
2087,pentax
2088,pentel
2089,pepe jeans
2090,peppes pizza
2091,pepsi jazz
2092,pepsi lime
2093,peptamen
2094,pequignet
2095,perdolan
2096,perdomo
2097,perkins restaurant and bakery
2098,perlina
2099,perry ellis
2100,peter piper pizza
2101,petro-canada
2102,petron
2103,petronor
2104,petzl
2105,pf flyers
2106,phat farm
2107,phicomm
2108,philadelphia
2109,phileas fogg
2110,phillips cycles
2111,phillips petroleum
2112,photoshop
2113,piado
2114,piano
2115,pianor
2116,pianyifang
2117,picc
2118,pick up stix
2119,pidgin
2120,pierre cardin
2121,pigeon
2122,pignose
2123,pikante
2124,pilot parallel
2125,piltti
2126,pinarello
2127,ping
2128,pink panther flakes
2129,pipeworks
2130,pipidog
2131,pipsqueak
2132,pirma
2133,pisco capel
2134,pisco horcon quemado
2135,pisco porton
2136,pisen
2137,pixy stix
2138,pizza 73
2139,pizza corner
2140,pizza my heart
2141,pizza pizza
2142,pizza ranch
2143,pizza schmizza
2144,pizzeria venti
2145,plancoet
2146,planet cola
2147,planex
2148,planta
2149,play-doh
2150,playboy
2151,playmobil
2152,playtex
2153,plochman's
2154,pogliaghi
2155,polk audio
2156,pollo campero
2157,polo ralph lauren
2158,pomegreat
2159,ponds
2160,pontiac
2161,pony
2162,pop mie
2163,pop secret
2164,pop weavei
2165,pop-tarts crunch
2166,popeyes chicken & biscuits
2167,poppycock
2168,por larranaga
2169,port city java
2170,port of subs
2171,portillo's
2172,posiflex
2173,potbelly sandwich works
2174,pound puppies
2175,powdered donutz
2176,powerdekor
2177,powervolt
2178,ppu
2179,prada
2180,prandina
2181,prestigio
2182,prezzo
2183,pride
2184,primus
2185,prince
2186,prismacolor
2187,pritt stick
2188,private moon
2189,profex
2190,pronutro
2191,propet
2192,proya
2193,prs guitars
2194,prudenial
2195,ps
2196,ptt
2197,pucko
2198,puffa puffa rice
2199,puffs
2200,pulaski
2201,pulser
2202,punch crunch
2203,punch entertainment
2204,puros indios
2205,pusser's
2206,pvh
2207,pythia
2208,q8
2209,qalam
2210,qdoba mexican grill
2211,qeelin
2212,qingmei
2213,qipai
2214,qixing
2215,qmobile
2216,qq
2217,quai d'orsay
2218,quaker steak & lube
2219,quality street
2220,quanfeng express
2221,quanwudi
2222,queirolo
2223,quesada
2224,quick
2225,quickchek
2226,quiktrip
2227,quintana roo
2228,qunar.com
2229,quorn
2230,qzone
2231,r & r collections
2232,r-line
2233,r. e. dietz
2234,r. m. williams
2235,r.whites
2236,rab
2237,racetrac
2238,radiola
2239,rado
2240,ragu
2241,raisin bran crunch
2242,raisin nut bran
2243,raisin wheats
2244,raisinets
2245,raising cane's chicken fingers
2246,ralph lauren home
2247,ram
2248,rama
2249,ramon allones
2250,ranch hand
2251,rapha
2252,rare
2253,rasti
2254,rated m
2255,rax
2256,ray's pizza
2257,razzle dazzle rice krispies
2258,ready brek
2259,real ale
2260,rebecca minkoff
2261,red herring
2262,red lobster
2263,red robin
2264,red rose tea
2265,reddi-wip
2266,rediffusion
2267,redken
2268,refinor
2269,regatta
2270,regina
2271,regina pizzeria
2272,relic
2273,renesas
2274,repsol ypf
2275,reusch
2276,revlon
2277,revol
2278,revox
2279,rfeng
2280,rft
2281,rhum barbancourt
2282,ribena
2283,rice bubbles
2284,rice chex
2285,rice honeys nabisco
2286,rickard's dark
2287,rickard's red
2288,rickard's white
2289,rickenbacker
2290,ricoffy
2291,ridley
2292,rieker
2293,riese und muller
2294,rimac
2295,ringtons
2296,rinso
2297,rioni
2298,ristretto
2299,rizla
2300,rj rockers
2301,ro-tel
2302,roadmaster
2303,roamer
2304,robeks
2305,robert allen
2306,roberto cavalli
2307,robijn
2308,robin's donuts
2309,robust
2310,rochas
2311,rock bottom
2312,rockport
2313,rockshox
2314,rockstar
2315,rocky
2316,rocky patel
2317,rodania
2318,roewe
2319,rogue ales
2320,rohrbach
2321,roland
2322,rolex
2323,rollei
2324,rolo
2325,romano's macaroni grill
2326,ron zacapa
2327,rooibee
2328,rosarita
2329,rosati's
2330,rotomac
2331,rough draft
2332,round table pizza
2333,rowbike
2334,rowntree
2335,roy rogers restaurants
2336,royal albert
2337,royal crown cola
2338,royal farms
2339,royal talens
2340,royalstar
2341,royce leather
2342,royco
2343,ruans
2344,rubio's fresh mexican grill
2345,rubophen
2346,ruby tuesday
2347,rudsak
2348,ruffles
2349,rum-bar
2350,runts
2351,russian river
2352,russo's new york pizzeria
2353,rutter's
2354,rvca
2355,ryb
2356,ryka
2357,s-oil
2358,saab
2359,sabra liqueur
2360,sachs
2361,safeguard
2362,safilo
2363,sahne nuss
2364,saimaza
2365,saipa
2366,sakroots
2367,saks fifth avenue
2368,salomon
2369,salvatore ferragamo
2370,sam moore
2371,sam's club
2372,samsonite
2373,san pellegrino
2374,sandford orchards
2375,sanita
2376,sanka
2377,sanquan
2378,sansabelt
2379,sanuk
2380,sanyo
2381,saracen cycles
2382,saran wrap
2383,sariwangi
2384,sarris candies
2385,sasini
2386,satya paul
2387,saxx
2388,scalextric
2389,scania
2390,scanpan
2391,scarpa
2392,schiesser
2393,schwarzkopf
2394,scosche
2395,scotch and soda
2396,scottevest
2397,scottish blend
2398,scrabble
2399,screaming yellow zonkers
2400,sdlg
2401,seafolly
2402,seagull
2403,sealink
2404,seaoil philippines
2405,seat
2406,seavees
2407,second cup
2408,secret recipe
2409,seiko
2410,seiyu
2411,sellotape
2412,sennelier
2413,sentra
2414,sephora
2415,septwolves
2416,sergio rossi
2417,sergio tacchini
2418,sergio valente
2419,seven fathoms
2420,seventh generation
2421,sexy hair
2422,sf express
2423,shangdedianli
2424,sheetz
2425,shell v-power
2426,shengfeng
2427,shenghong
2428,shg
2429,shi hui da
2430,shimano
2431,shiseido
2432,shiyou
2433,shmaltz
2434,shopko
2435,showbiz pizza place
2436,showmars
2437,shuanghui
2438,shuangyan
2439,shuangye
2440,shuijingfang
2441,shure
2442,sibao
2443,sii
2444,silicon power
2445,siliconezone
2446,silly putty
2447,silver gulch
2448,simmtronics
2449,simon
2450,simond
2451,simple human
2452,simply amish
2453,sinaina
2454,siragon
2455,sistema
2456,sisu
2457,six deuce
2458,sixpoint
2459,sk-ii
2460,skeena
2461,ski-doo
2462,skin food
2463,skins
2464,skiny
2465,skora
2466,skyline chili
2467,skype
2468,skyworth
2469,skyy
2470,sld
2471,sleemon
2472,slim fast
2473,slotts
2474,sma
2475,smart bran
2476,smartwool
2477,smint
2478,smirnoff
2479,smokey bones
2480,smokin' joes
2481,smuttynose
2482,smythson
2483,sneaky pete's
2484,snot shots
2485,socar-1
2486,socar-2
2487,soffe
2488,sofft
2489,softspots
2490,softto
2491,sofy
2492,soldano
2493,soleus
2494,sonia rykiel
2495,sonitron
2496,sonos
2497,sontec
2498,sophie paris
2499,sorel
2500,soultone
2501,sound city
2502,south bedding
2503,southbeauty-1
2504,southbeauty-2
2505,southbeauty-3
2506,southworth
2507,sowden
2508,spanx
2509,sparco
2510,speedball
2511,speedlink
2512,speedplay
2513,speedway llc
2514,spenco
2515,sperry top-sider
2516,spiewak
2517,spira
2518,spizzico
2519,spring step
2520,sprinkle spangles
2521,square one organic
2522,sram
2523,st arnou
2524,stacy adams-1
2525,stacy adams-2
2526,stadium mustard
2527,staedtler
2528,stage stores inc
2529,stakmore
2530,standard fireworks
2531,star in the hood
2532,starbury-1
2533,starbury-2
2534,starter
2535,starworld
2536,steak 'n shake
2537,stein mart
2538,stein world-1
2539,stein world-2
2540,stelton
2541,stephen's gourmet
2542,steve madden
2543,steve's ice cream
2544,stewart-warner
2545,stime
2546,stolichnaya
2547,stomatol
2548,stowa
2549,straw hat pizza
2550,strawberry rice krispies
2551,streamlight
2552,strellson
2553,stroh
2554,stumptown coffee roasters
2555,stussy
2556,suerdieck
2557,sugar wafers
2558,suhr
2559,sumdex
2560,summer classics
2561,summit
2562,sun 'n' sand
2563,sunset west
2564,supawear
2565,superfeet
2566,superga-1
2567,superga-2
2568,superman stars
2569,supertest petroleum
2570,supligen
2571,supor
2572,susy
2573,suunto
2574,svedka
2575,sveltesse
2576,svelty
2577,swatch
2578,sweet tomatoes
2579,sweetened wheat-fuls
2580,swensons
2581,swiss miss
2582,t.j. maxx
2583,tabak especial
2584,tacama demonio
2585,tachipirina
2586,taco bueno
2587,taco cabana
2588,taco john's
2589,taco time
2590,tafirol
2591,taihao
2592,taixiang
2593,taiyangshen
2594,tanduay
2595,tanmujiang
2596,taobao.com
2597,taoranju
2598,tapsin
2599,tarocash
2600,tart n tinys
2601,taser-1
2602,taser-2
2603,tassimo
2604,taza chocolate
2605,tealuxe
2606,teamviewer
2607,teavana
2608,tecent weibo
2609,technomarine
2610,teekampagne
2611,tefal
2612,teflon
2613,tempra
2614,tempur-pedic
2615,tenwowfood
2616,tequila don weber
2617,termalgin
2618,terpel
2619,testor's
2620,teva
2621,texan bar
2622,thatchers
2623,the bon-ton
2624,the capital grille
2625,the coffee bean & tea leaf
2626,the flexx
2627,the forbidden city
2628,the fullbright
2629,the laundress
2630,the melting pot
2631,the north face
2632,the old spaghetti factory
2633,the original muck boot company
2634,the original pancake house
2635,the timberland
2636,theodora
2637,therapedic
2638,thermos
2639,thomapyrin
2640,thomasville
2641,thomson reuters
2642,thomy
2643,thorn lighting
2644,three olives
2645,tiangxiaxiu
2646,tiffany
2647,tiger of sweden
2648,tignanello
2649,tilted kilt
2650,timberland
2651,timbuk2-1
2652,timbuk2-2
2653,timex
2654,timothy's world coffee
2655,tinkertoy
2656,tired hands
2657,tissot
2658,titan industries
2659,tito's
2660,titoni
2661,tjoy
2662,tnt
2663,toasted cinnamon squares
2664,toasties
2665,toblerone
2666,tokyobay
2667,tom ford
2668,tom tailor
2669,tombow
2670,tommy bahama
2671,tommy hilfiger
2672,tonka toys
2673,tony roma's
2674,tooty footies
2675,topman
2676,toppers pizza
2677,tortex
2678,toscanello
2679,toscanini's
2680,town pump
2681,toxic waste
2682,toyota
2683,trangoworld
2684,transitions
2685,travel smart by conair
2686,treets
2687,tres agaves
2688,tres generaciones
2689,trinidad
2690,trinium
2691,triumph-1
2692,triumph-2
2693,true coffee
2694,trueconf
2695,trung nguyen
2696,tubao-1
2697,tubao-2
2698,tubao-3
2699,tuckerman
2700,tudor
2701,tudor crisps
2702,tully's coffee
2703,tum yeto
2704,tumi
2705,tungsram
2706,turtles
2707,turun sinappi
2708,twisted pixel
2709,two brothers
2710,tyr
2711,u.s. polo assn
2712,uber-1
2713,uber-2
2714,uber-3
2715,ucc ueshima coffee co
2716,ugg australia
2717,ultra brite
2718,ultravox
2719,under armour
2720,unifon
2721,unionpay
2722,uniqlo
2723,unisonic
2724,unisys
2725,universiti teknologi petronas
2726,univox
2727,uphamol
2728,upland
2729,upslope
2730,ursus
2731,uzero
2732,valentino's
2733,valiojaatelo
2734,van houtte
2735,vaneli
2736,vapiano
2737,vascolet
2738,vaseline
2739,vaude-1
2740,vaude-2
2741,vax
2742,vegafina
2743,vegas robaina
2744,veken-1
2745,veken-2
2746,veken-3
2747,venko
2748,vera bradley
2749,verbatim
2750,versace
2751,vertex standard
2752,vertu
2753,vibram
2754,vibrations
2755,vico
2756,vidyo-1
2757,vidyo-2
2758,viennois
2759,viewsonic
2760,vigo
2761,vikingfjord
2762,viladrau
2763,villa zamorano
2764,villiger
2765,vince camuto-1
2766,vince camuto-2
2767,violet crumble
2768,vionic
2769,viper
2770,vipshop
2771,vir-sec
2772,viru valge
2773,vision street wear
2774,viso
2775,vivobarefoot-1
2776,vivobarefoot-2
2777,vladivar
2778,vo5
2779,vogue
2780,voit
2781,voltas
2782,voluspa
2783,von maur
2784,vostok
2785,vox
2786,vpl
2787,vw
2788,waffelos
2789,waffle crisp
2790,waffle house
2791,wahl
2792,walkers lites
2793,walkman
2794,wall's
2795,waltham
2796,wanchai ferry
2797,wandashan
2798,wangs
2799,wangzhihe
2800,war horse
2801,warburtons
2802,wayne's coffee
2803,webkinz
2804,webster's dictionary
2805,weebles
2806,weetos
2807,weg industries
2808,weibo
2809,weida
2810,weight watchers
2811,weixing
2812,wenger
2813,wesc
2814,westinghouse
2815,weston's cider
2816,wetherm
2817,weyerbacher
2818,whataburger-1
2819,whataburger-2
2820,wheat chex
2821,wheat stax
2822,which wich
2823,whisper
2824,whistle
2825,whitey's ice cream
2826,widmer brothers
2827,wienerschnitzel
2828,wiesmann
2829,wight trash
2830,wigwam
2831,wild animal crunch
2832,wild berry skittles
2833,wildcountry
2834,wildkin
2835,williams fresh cafe
2836,williams-sonoma
2837,wilton
2838,winalot
2839,windex
2840,winiary
2841,winnebago
2842,winsor
2843,wistron
2844,wolf brand chili
2845,wolford
2846,wolky
2847,wolverine
2848,womai.com
2849,wonderbra
2850,woolrich
2851,woolworths (south africa)
2852,wrangler
2853,wrigley's
2854,wudeli
2855,wufangzhai
2856,wuyutai
2857,wyder's
2858,x-acto
2859,xdf.cn
2860,xellent swiss
2861,xero
2862,xgma
2863,xiangeqing
2864,xiangxue
2865,xiao nan guo
2866,xiaomi
2867,xierdun
2868,xifeng
2869,xinghualou
2870,xinruncheng
2871,xinxiangyin
2872,xoxo
2873,xtep
2874,xunxing
2875,yaesu
2876,yalijie
2877,yangshengtang
2878,yards
2879,yesmywine
2880,yhd.com
2881,yili
2882,yinshidai
2883,yishion
2884,ykk
2885,yoko
2886,yongli blueleopard
2887,yonho-1
2888,yonho-2
2889,yoplait
2890,yorkshire tea
2891,youngor-1
2892,youngor-2
2893,youngor-3
2894,younkers
2895,youyou
2896,yu mei jing
2897,yucheng ceramics
2898,yuhangren-1
2899,yuhangren-2
2900,yukon
2901,yunnanbaiyao
2902,yurun
2903,yutong-1
2904,yutong-2
2905,yutong-3
2906,yuyue-1
2907,yuyue-2
2908,yuyue-3
2909,yuyue-4
2910,yuzhaolin
2911,yx energi
2912,zamboni
2913,zanussi
2914,zara
2915,zatarain's
2916,zaya
2917,zendium
2918,zephyrhills
2919,zero halliburton
2920,zhenai.com
2921,zhoujunji
2922,zingara
2923,zino
2924,zipp
2925,zjs express
2926,zodiac
2927,zoegas
2928,zoke
2929,zoladkowa gorzka
2930,zonda
2931,zoob
2932,zopo
2933,zwitsal
